"옵션 관리코드","옵션별상품코드","모델명","주문상품명","상품옵션","주문품목 단가","주문품목 수량","주문품목 결제금액","부가세여부","주문번호","주문상태(품목별)"
"","M811-000000000000004","PMR405","PMR405 폴밋 순 면 라운드 머슬 남성 민소매 티셔츠 런닝","색상 : 백색, 치수 : 100","4180","6","25080","부가세","20200605082434-34418368178","배송완료"
"","M2796-00000000000002","JBR1028","JBR1028 비너스 자스민 여자 노와이어 홑겹 풀컵 브라 AA컵 A컵 B컵","치수 : 75AA, 색상 : 살색","6720","2","13440","부가세","20200605082434-34418368178","배송완료"
"","M2796-00000000000038","JBR1028","JBR1028 비너스 자스민 여자 노와이어 홑겹 풀컵 브라 AA컵 A컵 B컵","치수 : 85B, 색상 : 살색(+840)","6720","1","7560","부가세","20200605082434-34418368178","배송완료"
"","M2796-00000000000039","JBR1028","JBR1028 비너스 자스민 여자 노와이어 홑겹 풀컵 브라 AA컵 A컵 B컵","치수 : 85B, 색상 : 연브라운(+840)","6720","2","15120","부가세","20200605082434-34418368178","배송완료"
"","M2813-00000000000006","JBR0934","JBR0934 비너스 자스민 무빙 에어쿨 메쉬 테잎 흡습속건 와이어 노볼륨 몰드 여성 AA컵 A컵 브라","색상 : 연브라운, 치수 : 85A","12516","1","12516","부가세","20200605082434-34418368178","배송완료"
"","M2813-00000000000003","JBR0934","JBR0934 비너스 자스민 무빙 에어쿨 메쉬 테잎 흡습속건 와이어 노볼륨 몰드 여성 AA컵 A컵 브라","색상 : 연브라운, 치수 : 85AA","12516","1","12516","부가세","20200605082434-34418368178","배송완료"
"","M2813-00000000000002","JBR0934","JBR0934 비너스 자스민 무빙 에어쿨 메쉬 테잎 흡습속건 와이어 노볼륨 몰드 여성 AA컵 A컵 브라","색상 : 연브라운, 치수 : 80AA","12516","1","12516","부가세","20200605082434-34418368178","배송완료"
"","M2813-00000000000005","JBR0934","JBR0934 비너스 자스민 무빙 에어쿨 메쉬 테잎 흡습속건 와이어 노볼륨 몰드 여성 AA컵 A컵 브라","색상 : 연브라운, 치수 : 80A","12516","1","12516","부가세","20200605082434-34418368178","배송완료"
"","M454557-000000000009","C5UABFAD01","첨이첨이 베이시스 3 여티반 순면 여아동 반팔 런닝 셔츠","모델명 : C5UABFAD01, 사이즈 : 70(7~8세)","3150","1","3150","부가세","20200605082434-34418368178","배송완료"
"","M454557-000000000007","C5UABFAD01","첨이첨이 베이시스 3 여티반 순면 여아동 반팔 런닝 셔츠","모델명 : C5UABFAD01, 사이즈 : 60(3~4세)","3150","2","6300","부가세","20200605082434-34418368178","배송완료"
"","M481604-000000000038","ABRA1002","ABRA1002 아찌라 플러스 홑겹 무빙 하이플렉스 와이어 보정 기능성 브라","ABRA1002 : 75C, 색상 : 베이지(BE)","16560","1","16560","부가세","20200605082434-34418368178","배송완료"
"","M481604-000000000044","ABRA1002","ABRA1002 아찌라 플러스 홑겹 무빙 하이플렉스 와이어 보정 기능성 브라","ABRA1002 : 85C, 색상 : 베이지(BE)","16560","1","16560","부가세","20200605082434-34418368178","배송완료"
"","M481604-000000000043","ABRA1002","ABRA1002 아찌라 플러스 홑겹 무빙 하이플렉스 와이어 보정 기능성 브라","ABRA1002 : 85C, 색상 : 블랙(BK)","16560","1","16560","부가세","20200605082434-34418368178","배송완료"
"","M490239-000000000002","BYC2113","BYC2113 BYC 골런닝 순면 남성 베이직 민소매 런닝","BYC2113 : 95","2027","3","6081","부가세","20200605082434-34418368178","배송완료"
"","M527436-000000000001","PGR3730","PGR3730 판도라 by 비비안 망사 파워넷 체형 보정 기능성 여성 노라인 거들 팬티","PGR3730 : 64","13200","1","13200","부가세","20200605082434-34418368178","배송완료"
"","M556536-000000000005","T5XH2A512X","T5XH2A512X 태창 이랜드 흡한속건 쿨론 스포츠 기능성 남자 카라 반팔 티셔츠 3부 상의","T5XH2A512X : 퍼플(513X), 사이즈 : 95","3000","2","6000","부가세","20200605082434-34418368178","배송완료"
"","M565270-000000000001","BYL7592","BYL7592 BYC 고급 순면 여자 맥시 삼각 팬티 3매입 세트 빅사이즈","BYL7592 : 90","5521","1","5521","부가세","20200605082434-34418368178","배송완료"
"","M575668-000000000012","JBR1163","JBR1163 비너스 자스민 메모리폼 몰드 와이어 여성 A컵 B컵 C컵 D컵 E컵 F컵 브라 빅사이즈","JBR1163 : 80B, 색상 : 브라운","10416","1","10416","부가세","20200605082434-34418368178","배송완료"
"","M1236092-00000000010","BYE1004","BYE1004 BYC 순면 단색 남성 민소매 런닝 빅사이즈","단색남런닝2호 : 110, 색상 : 검정색","3090","3","9270","부가세","20200605082434-34418368178","배송완료"
"","M1236139-00000000006","BYT6658","BYT6658 BYC 프라임여상하2호 고급 순면 60수 얇은 여성 내복 상하 세트","프라임여상하2호 : 95, 색상 : 핑크피치","12884","5","64420","부가세","20200605082434-34418368178","배송완료"
"","M1236139-00000000009","BYT6658","BYT6658 BYC 프라임여상하2호 고급 순면 60수 얇은 여성 내복 상하 세트","프라임여상하2호 : 100, 색상 : 핑크피치","12884","1","12884","부가세","20200605082434-34418368178","배송완료"
"","M1236139-00000000007","BYT6658","BYT6658 BYC 프라임여상하2호 고급 순면 60수 얇은 여성 내복 상하 세트","프라임여상하2호 : 100, 색상 : 백색","12884","1","12884","부가세","20200605082434-34418368178","배송완료"
"","M1238166-00000000004","C6BABFAC03","C6BABFAC03 첨이첨이 라이트2 끈 런닝 모달 스판 여아동 나시","첨이라이트2끈런닝 : 75(9~10세)","4320","3","12960","부가세","20200605082434-34418368178","배송완료"
"","M1238950-00000000001","PMR442","PMR442 폴밋 인견 쿨 냉감 흡습 속건 남성 민소매 런닝 세트 3매입","PMR442 : 95","14430","1","14430","부가세","20200605082434-34418368178","입금후 취소완료-환불완료"
"","M1239089-00000000002","JHMRT003","JHMRT003 제임스딘 순면 40수 실켓 쿨 변화직 남성 민소매 런닝 세트 3매입","JHMRT003 : 100","11170","1","11170","부가세","20200605082434-34418368178","배송완료"
"","M1240385-00000000001","SSM5000","SSM5000/1 BYC 남 기획 베이직 파일 단목 이중 바닥 쿠션 뒤틀림 방지 남성 양말 세트 10족","남기획베이직파일단목 : 검정색(10족)","11090","1","11090","부가세","20200605082434-34418368178","배송완료"
"","M1240839-00000000001","","DANOPAD 단오 순면 유기농 면생리대 미니 소형 중형 대형 오버나이트","단오면생리대 : (선택1)면생리대미니(무방수)5매입","4950","1","4950","면세","20200605082434-34418368178","배송완료"
"","M1241204-00000000001","CDCABMAR01","CDCABMAR01 첨이첨이 CSC 남아 3부 세트 01 면슬럽 남아동 실내복 상하세트","사이즈 : 01/60(3~4세)","8100","1","8100","부가세","20200605082434-34418368178","배송완료"
"","M1241231-00000000002","D4CABMAR05","D4CABMAR05 첨이첨이 CSC 키남아 3부 세트 03 순면 듀퐁 남아동 실내복 상하세트","사이즈 : 05/65(5~6세)","5850","1","5850","부가세","20200605082434-34418368178","배송완료"
"","M1241261-00000000003","C6CABAAC02","C6CABAAC02 첨이첨이 그레이 에어 메쉬 남아동 민소매 런닝","사이즈 : 70(7~8세)","4000","2","8000","부가세","20200605082434-34418368178","배송완료"
"","M1241265-00000000006","CDCABACH13","CDCABACH13 첨이첨이 CSC 공아 이지 바지 07 폴리 플리츠 아동 공용 7부 하의 팬츠","사이즈 : 14/85(13~14세)(+675)","7200","1","7875","부가세","20200605082434-34418368178","배송완료"
"","M1241305-00000000005","CDCABACH01","CDCABACH01 첨이첨이 CSC 공아 이지 바지 01 리오셀 아동 공용 와이드 7부 팬츠","사이즈 : 02/80(11~12세)(+675)","6750","1","7425","부가세","20200605082434-34418368178","배송완료"
"","M1241306-00000000005","CDCABACH03","CDCABACH03 첨이첨이 CSC 공아 이지 바지 02 리오셀 아동 공용 와이드 7부 팬츠","사이즈 : 04/80(11~12세)(+675)","6750","1","7425","부가세","20200605082434-34418368178","배송완료"
"","M1241310-00000000001","PMT369-1","PMT369-1 폴밋 쿨 인견 남성 인밴드 트렁크 사각 팬티 세트 3매입","사이즈 : 95","14430","1","14430","부가세","20200605082434-34418368178","배송완료"
"","M1241391-00000000001","INC161","INC161 인콘트로 자외선 차단 여성 쁘띠 레이스 스마트 장갑","색상 : 그레이","3900","1","3900","부가세","20200605082434-34418368178","배송완료"
"","M1241695-00000000001","GFT7500","GFT7500 BYC 여성 고탄력 누드 앵클 삭스 발목 스타킹 10족 세트","색상 : 블랙(10족)","2505","2","5010","부가세","20200605082434-34418368178","배송완료"
"","M1241695-00000000002","GFT7500","GFT7500 BYC 여성 고탄력 누드 앵클 삭스 발목 스타킹 10족 세트","색상 : 살구(10족)","2505","1","2505","부가세","20200605082434-34418368178","배송완료"
"","M1241889-00000000001","AP1014S2","AP1014S2 아놀드파마 남성 스니커즈 양말 2족 선물 세트","구성 : 2족세트(색상혼합)","3795","5","18975","부가세","20200605082434-34418368178","배송완료"
"","M1242186-00000000003","CDCBBMAC03","CDCBBMAC03 첨이첨이 CFC 남아 런닝 02 순면 편면 남아동 민소매 나시","사이즈 : 03/70(9~10세)","3150","1","3150","부가세","20200605082434-34418368178","배송완료"
"","M1242225-00000000004","CDCBBFJC31","CDCBBFJC31 첨이첨이 CFC 여아 모달 브리프 01스판 여아동 삼각 팬티 세트 3매입","사이즈 : 31/75(11~12세)","9500","1","9500","부가세","20200605082434-34418368178","배송완료"
"","M1242722-00000000002","CBCBCFFF16","CBCBCFFF16 첨이첨이 CFC 여주 브라 105 면스판 여주니어 홑겹 패드 탑브라","사이즈 : 80","8100","1","8100","부가세","20200605082434-34418368178","배송완료"
"","M1242722-00000000003","CBCBCFFF16","CBCBCFFF16 첨이첨이 CFC 여주 브라 105 면스판 여주니어 홑겹 패드 탑브라","사이즈 : 85","8100","1","8100","부가세","20200605082434-34418368178","배송완료"
"","M1242765-00000000003","BPR7339","BPR7339 BYC 쁘띠걸 스판 여 삼각 49호 주니어 미디 팬티 3매입 세트","사이즈 : 95","8854","1","8854","부가세","20200605082434-34418368178","배송완료"
"","M1243030-00000000001","PMR440-5","PMR440-5 폴밋 순면 남성 민소매 니트 런닝 3매입 세트","사이즈 : 95","11230","1","11230","부가세","20200605082434-34418368178","배송완료"
"","M1243276-00000000002","CBDABFAC09","첨이첨이 DSC 여아 런닝 05 순면 듀퐁 여아동 민소매 나시","모델명 : CBDABFAC09, 사이즈 : 09/65(7~8세)","3750","1","3750","부가세","20200605082434-34418368178","배송완료"
"","M1243437-00000000004","PMR447","PMR447 폴밋 시그널 텐셀 런닝 남자 민소매 나시 3매입 세트","사이즈 : 110(+1390)","14430","1","15820","부가세","20200605082434-34418368178","배송완료"
"","M1243594-00000000003","JHWVV022","JHWVV022 제임스딘 이너핏 인견 타미 보정 파워넷 자카드 여자 몰드 노와이어 B컵 치마올인원 바디쉐이퍼","사이즈 : 85B, 색상 : BE(베이지색)","31370","1","31370","부가세","20200605082434-34418368178","배송완료"
"","M1243665-00000000003","CBDABMAC19","첨이첨이 DSC 남아 런닝 10 에어로쿨 폴리스판 남아동 민소매 나시","모델명 : CBDABMAC19, 사이즈 : 19/70(9~10세)","4250","2","8500","부가세","20200605082434-34418368178","배송완료"
"","M1243732-00000000009","JHMRV011","JHMRV011 제임스딘 순면 후라이스 골지 남자 민소매 나시 런닝","색상 : WH(백색), 사이즈 : 100","4320","3","12960","부가세","20200605082434-34418368178","배송완료"
"","M1243766-00000000002","CFDABMAC32","첨이첨이 에어라인 남 런닝 에어로쿨 폴리스판 남아동 민소매 나시","모델명 : CFDABMAC32, 사이즈 : 65(7~8세)","4000","2","8000","부가세","20200605082434-34418368178","배송완료"
"","M1243766-00000000004","CFDABMAC32","첨이첨이 에어라인 남 런닝 에어로쿨 폴리스판 남아동 민소매 나시","모델명 : CFDABMAC32, 사이즈 : 75(11~12세)","4000","3","12000","부가세","20200605082434-34418368178","배송완료"
"","M1243766-00000000003","CFDABMAC32","첨이첨이 에어라인 남 런닝 에어로쿨 폴리스판 남아동 민소매 나시","모델명 : CFDABMAC32, 사이즈 : 70(9~10세)","4000","1","4000","부가세","20200605082434-34418368178","배송완료"
"","M1243766-00000000007","CFDABMAC32","첨이첨이 에어라인 남 런닝 에어로쿨 폴리스판 남아동 민소매 나시","모델명 : CFDABMAC32, 사이즈 : 90","4000","1","4000","부가세","20200605082434-34418368178","배송완료"
"","M1243767-00000000001","CFDABFAC01","첨이첨이 에어라인 끈런닝 에어로쿨 폴리스판 여아동 민소매 끈 나시","모델명 : CFDABFAC01, 사이즈 : 60(5~6세)","4000","2","8000","부가세","20200605082434-34418368178","배송완료"
"","M1243767-00000000005","CFDABFAC01","첨이첨이 에어라인 끈런닝 에어로쿨 폴리스판 여아동 민소매 끈 나시","모델명 : CFDABFAC01, 사이즈 : 80","4000","2","8000","부가세","20200605082434-34418368178","배송완료"
"","M1243890-00000000001","JHMTVZ49","JHMTVZ49 제임스딘 쿨 냉감 인견 남자 트렁크 사각 팬티 3매입 세트","사이즈 : 95","13284","1","13284","부가세","20200605082434-34418368178","배송완료"
"","M1243898-00000000002","BWT4519","BWT4519 BYC 모시메리 남 팬티 28호 면 마 혼방 남자 사각 트렁크 백색","사이즈 : 100","8425","2","16850","부가세","20200605082434-34418368178","배송완료"
"","M1243995-00000000005","CFDABMAC31","첨이첨이 화이트 인견 남 런닝 쿨 냉감 스판 남아동 민소매 나시","모델명 : CFDABMAC31, 사이즈 : 80","4500","3","13500","부가세","20200605082434-34418368178","배송완료"
"","M1243995-00000000007","CFDABMAC31","첨이첨이 화이트 인견 남 런닝 쿨 냉감 스판 남아동 민소매 나시","모델명 : CFDABMAC31, 사이즈 : 90","4500","2","9000","부가세","20200605082434-34418368178","배송완료"
"","M1243995-00000000006","CFDABMAC31","첨이첨이 화이트 인견 남 런닝 쿨 냉감 스판 남아동 민소매 나시","모델명 : CFDABMAC31, 사이즈 : 85","4500","4","18000","부가세","20200605082434-34418368178","배송완료"
"","M1244000-00000000003","JHMRV041","JHMRV041 제임스딘 베이직 쿨 냉감 인견 메쉬 남자 민소매 런닝","사이즈 : 95, 색상 : WH(백색)","8870","2","17740","부가세","20200605082434-34418368178","배송완료"
"","M1244014-00000000003","CBDABMAC15","첨이첨이 DSC 남아 런닝 08 40수 쿨 냉감 편면 레이온 인견 스판 남아동 민소매 나시","모델명 : CBDABMAC15, 사이즈 : 70(9~10세)","4500","1","4500","부가세","20200605082434-34418368178","배송완료"
"","M1244014-00000000004","CBDABMAC15","첨이첨이 DSC 남아 런닝 08 40수 쿨 냉감 편면 레이온 인견 스판 남아동 민소매 나시","모델명 : CBDABMAC15, 사이즈 : 75(11~12세)","4500","1","4500","부가세","20200605082434-34418368178","배송완료"
"","M1244015-00000000003","CBDABMAS07","첨이첨이 DSC 남아 즈로즈 04 쿨 냉감 인견 스판 남아동 드로즈 사각 팬티 2매입 세트","모델명 : CBDABMAS07, 사이즈 : 75(11~12세)","10500","3","31500","부가세","20200605082434-34418368178","배송완료"
"","M1244015-00000000002","CBDABMAS07","첨이첨이 DSC 남아 즈로즈 04 쿨 냉감 인견 스판 남아동 드로즈 사각 팬티 2매입 세트","모델명 : CBDABMAS07, 사이즈 : 70(9~10세)","10500","4","42000","부가세","20200605082434-34418368178","배송완료"
"","M1244042-00000000010","LB1073","LB1073 럭센스 쿨 냉감 인견 메쉬 여자 노와이어 몰드 광폭 브라 A컵","사이즈 : 95A, 색상 : 스킨(SK)","7475","3","22425","부가세","20200605082434-34418368178","배송완료"
"","M1244053-00000000006","CBDABMAS01","첨이첨이 DSC 남아 즈로즈 01 쿨 메쉬 스판 남아동 드로즈 사각 팬티 2매입 세트","모델명 : CBDABMAS01, 사이즈 : 90(+500)","8500","1","9000","부가세","20200605082434-34418368178","배송완료"
"","M1244053-00000000005","CBDABMAS01","첨이첨이 DSC 남아 즈로즈 01 쿨 메쉬 스판 남아동 드로즈 사각 팬티 2매입 세트","모델명 : CBDABMAS01, 사이즈 : 85(+500)","8500","1","9000","부가세","20200605082434-34418368178","배송완료"
"","M1244141-00000000001","CBDABFAE31","첨이첨이 DSC 여아 모달 브리프 01 스판 여아동 삼각 팬티 3매입 세트","모델명 : CBDABFAE31, 사이즈 : 55(3~4세)","9500","1","9500","부가세","20200605082434-34418368178","배송완료"
"","M1244223-00000000004","DDMRV021","DDMRV021 돈앤돈스 남성 컬러 런닝 순면 남자 민소매 나시","사이즈 : 100, 색상 : SB(연하늘)","2600","2","5200","부가세","20200605082434-34418368178","배송완료"
"","M1244223-00000000006","DDMRV021","DDMRV021 돈앤돈스 남성 컬러 런닝 순면 남자 민소매 나시","사이즈 : 100, 색상 : BY(청회색)","2600","1","2600","부가세","20200605082434-34418368178","배송완료"
"","M1244230-00000000006","CDDBBMAE03","첨이첨이 DFC 남아 브리프 02 남아동 40수 순면 편면 삼각 팬티 3매입 세트","모델명 : CDDBBMAE03, 사이즈 : 85(+500)","6950","1","7450","부가세","20200605082434-34418368178","배송완료"
"","M1244419-00000000002","UC07147","UC07147 모닝스타 쁘띠쁘랑 쉬폰 별 여자 골프 가운 헤어밴드 포함","사이즈 : FREE(55~66), 색상 : 핑크","7450","1","7450","부가세","20200605082434-34418368178","배송완료"
"","M1244443-00000000001","UD07146","UD07146 모닝스타 쁘띠쁘랑 쉬폰 잎 여자 골프 가운 헤어밴드 포함","사이즈 : FREE(55~66), 색상 : 블루","7450","1","7450","부가세","20200605082434-34418368178","배송완료"
"","M1244469-00000000001","MM07534-2","MM07534-2 모닝스타 쁘띠쁘랑 면 얌고양이 면혼방 여자 골프 가운 헤어밴드 포함","사이즈 : FREE(55~66)","7450","1","7450","부가세","20200605082434-34418368178","배송완료"
"","M1244941-00000000213","JBR8002S","JBR8002S 비너스 자스민 베이직 여자 노와이어 몰드 풀컵 브라 팬티 세트","색상 : 블랙(BK), 사이즈 : 75B_100, 팬티추가 : 선택안함","11520","1","11520","부가세","20200605082434-34418368178","배송완료"
"","M1245174-00000000022","JHMDVB11","JHMDVB11 제임스딘 스판 나염 남자 드로즈 사각 팬티","색상 : RD(적색), 사이즈 : 100","9180","1","9180","부가세","20200605082434-34418368178","배송완료"
"CBEABMAC04BU090","M1245269-00000000023","CBEABMAC03","첨이첨이 ESC 남아 텐셀 모달 런닝 02 편면 남아동 민소매 나시","모델명 : CBEABMAC03, 사이즈 : 90(+800)","4950","2","11500","부가세","20200605082434-34418368178","배송완료"
"","M1245279-00000000006","JHWPVC14","JHWPVC14 제임스딘 망사 스트레치 레이스 여자 미디 삼각 팬티 2매입 세트","구성 : 팬티2매, 사이즈 : 95","11780","1","11780","부가세","20200605082434-34418368178","배송완료"
"CBEABMAC02BU090","M1245407-00000000030","CBEABMAC01","첨이첨이 ESC 남아 텐셀 모달 런닝 01 40수 스판 남아동 민소매 나시","모델명 : CBEABMAC01, 사이즈 : 90(+800)","4950","2","11500","부가세","20200605082434-34418368178","배송완료"
"","M1245421-00000000002","JHMPWZ11","JHMPWZ11 제임스딘 데오드란트 스판 남자 삼각 브리프 팬티 3매입 세트","구성 : 팬티3매, 사이즈 : 100","13520","1","13520","부가세","20200605082434-34418368178","배송완료"
"","M1245464-00000000013","GB2219","GB2219 고아라 순면 여주니어 부직포 패드 A컵 1.5단계 스포츠브라","색상 : 아이보리(IV), 사이즈 : 80A","4080","3","12240","부가세","20200605082434-34418368178","배송완료"
"CBEABMAS02AS080","M1245478-00000000035","CBEABMAS01","첨이첨이 ESC 남 텐셀 모달 드로즈 01 스판 남아동 즈로즈 사각 팬티 2매입 세트","모델명 : CBEABMAS01, 사이즈 : 80(+800)","9950","1","10750","부가세","20200605082434-34418368178","배송완료"
"CBEABMAS02AS095","M1245478-00000000038","CBEABMAS01","첨이첨이 ESC 남 텐셀 모달 드로즈 01 스판 남아동 즈로즈 사각 팬티 2매입 세트","모델명 : CBEABMAS01, 사이즈 : 95(+800)","9950","1","10750","부가세","20200605082434-34418368178","배송완료"
"CBEABFAE04AS090","M1245488-00000000020","CBEABFAE03","첨이첨이 ESC 여아 팬티 02 밤부 여아동 삼각 브리프 3매입 세트","모델명 : CBEABFAE03, 사이즈 : 90(+500)","6950","1","7450","부가세","20200605082434-34418368178","배송완료"
"C4EABMAN01WH065","M1245567-00000000046","C4EABMAN01","첨이첨이 ESC 키남아 7부 세트 01 순면 편면 변화직 남아동 상하 실내복 내의 잠옷","모델명 : C4EABMAN01, 사이즈 : 65(7~8세)","6950","3","20850","부가세","20200605082434-34418368178","배송완료"
"","M1245579-00000000025","JBR1249","JBR1249 비너스 자스민 메쉬 스판 여자 노와이어 몰드 A~C컵 브라","색상 : 연브라운(LB), 사이즈 : 90C","7980","1","7980","부가세","20200605082434-34418368178","배송완료"
"CBEABMAF03AS070","M1245629-00000000046","CBEABMAF03","첨이첨이 ESC 남 트렁크 02 레이온 남주니어 사각 팬티 2매입 세트","모델명 : CBEABMAF03, 사이즈 : 70(9~10세)","9450","1","9450","부가세","20200605082434-34418368178","배송완료"
"CFEBBFAS01BK075","M1245642-00000000032","CFEBBFAS01","첨이첨이 블랙 쿨 메쉬 중 속바지 스판 여아동 하의","모델명 : CFEBBFAS01, 사이즈 : 75(11~12세)","4250","2","8500","부가세","20200605082434-34418368178","배송완료"
"","M1245687-00000000008","JHWPW211","JHWPW211 제임스딘 인견 쿨 여자 속바지 드로즈 사각 팬티 2매입 세트","구성 : 팬티2매, 사이즈 : 100","11930","1","11930","부가세","20200605082434-34418368178","배송완료"
"","M1245693-00000000002","BWT4606","BWT4606 BYC 쿨피아 인견 스판 즈로즈 3매입 #1 남자 쿨 냉감 사각 드로즈 팬티 세트","사이즈 : 100","21840","1","21840","부가세","20200605082434-34418368178","배송완료"
"","M1245724-00000000021","BWT4597","BWT4597 BYC 쿨피아 쿨비즈 런닝 #1 쿨 냉감 남자 민소매 나시","색상 : 백색(4597), 사이즈 : 95","6860","2","13720","부가세","20200605082434-34418368178","배송완료"
"","M1245729-00000000006","BWT0006","BWT0006 BYC 보디드라이 3부 하 #1 쿨 냉감 레이온 여자 속바지","색상 : 검정색, 사이즈 : 90","7870","2","15740","부가세","20200605082434-34418368178","배송완료"
"","M1245729-00000000010","BWT0006","BWT0006 BYC 보디드라이 3부 하 #1 쿨 냉감 레이온 여자 속바지","색상 : 연스킨, 사이즈 : 90","7870","1","7870","부가세","20200605082434-34418368178","배송완료"
"CDEABMAR09GY075","M1245775-00000000049","CDEABMAR09","첨이첨이 ESC 남아 텐셀 모달 3부 세트 01 30수 남아동 상하 실내복 내의 잠옷","모델명 : CDEABMAR09, 사이즈 : 75(11~12세)","10750","1","10750","부가세","20200605082434-34418368178","배송완료"
"","M1245789-00000000027","CDEABMCI01","첨이첨이 ESC 남아 5부 파자마 01 메쉬 스판 남아동 실내복 잠옷 바지 하의","모델명 : CDEABMCI01, 사이즈 : 90(+800)","6950","1","7750","부가세","20200605082434-34418368178","배송완료"
"","M1245800-00000000023","CFEBBFAS03","첨이첨이 스킨 쿨 메쉬 즈로즈 스판 여아동 드로즈 사각 팬티","모델명 : CFEBBFAS03, 사이즈 : 75(11~12세)","4250","3","12750","부가세","20200605082434-34418368178","배송완료"
"","M1245842-00000000039","BTR7307","BTR7307 BYC 모달 반팔 남 소아 잠옷 7호 남아동 여름 상하 세트","색상 : 곤색, 사이즈 : 85","21330","1","21330","부가세","20200605082434-34418368178","배송완료"
"","M1245868-00000000028","BWT0010","BWT0010 BYC 보디드라이 브라 케미솔 #1 쿨 냉감 여자 민소매 끈 런닝 나시","색상 : 연스킨, 사이즈 : 95","20060","1","20060","부가세","20200605082434-34418368178","배송완료"
"","M1245891-00000000008","BTR6313","BTR6313 BYC 쿨피아 3매입 아웃밴드 인견 즈로즈 7호 남주니어 쿨 냉감 드로즈 사각 팬티 세트","구성 : 팬티3매, 사이즈 : 100","19300","1","19300","부가세","20200605082434-34418368178","배송완료"
"","M1245895-00000000006","BWT4602","BWT4602 BYC 쿨피아 인견 나염 박서 3매입 #1 남자 쿨 냉감 트렁크 사각 팬티 세트","구성 : 팬티3매, 사이즈 : 105","29960","1","29960","부가세","20200605082434-34418368178","배송완료"
"","M1245900-00000000013","BYM7144","BYM7144 BYC 메가스타 부인용 3매입 45호 순면 여자 맥시 삼각 팬티 세트","색상 : 유색, 사이즈 : 95","7270","1","7270","부가세","20200605082434-34418368178","배송완료"
"","M1245900-00000000017","BYM7144","BYM7144 BYC 메가스타 부인용 3매입 45호 순면 여자 맥시 삼각 팬티 세트","색상 : 백색나염, 사이즈 : 95","7270","1","7270","부가세","20200605082434-34418368178","배송완료"
